Number,Name,Cost,Description,Tags,Aliases
#001,Colonizer Training Camp,8,Oxygen must be 5% or less. 2 VP.,"[""building"", ""jovian""]",[]
#002,Asteroid Mining Consortium,13,Requires that you have titanium production. Decrease any titanium production 1 step and increase your own 1 step. 1 VP.,"[""jovian""]",[]
#003,Deep Well Heating,13,Increase your Energy production 1 step. Increase temperature 1 step.,"[""building"", ""power""]",[]
#004,Cloud Seeding,11,Requires 3 ocean tiles. Decrease your MC production 1 step and any heat production 1 step. Increase your Plant production 2 steps.,[],[]
#005,Search for Life,3,"Action: Spend 1 MC to reveal the top card of the draw deck. If that card has a Microbe tag, add a Science resource here. 3 VPs if you have one or more Science resources here. 3/ VP.","[""science""]",[]
#006,Inventors' Guild,9,Action: Look at the top card and either buy it or discard it.,"[""science""]",[]
#007,Martian Rails,13,Action: Spend 1 Energy to gain 1 MC for each City tile ON MARS.,"[""building""]",[]
#008,Capital,26,Requires 4 ocean tiles. Place this tile. Decrease your Energy production 2 steps and increase your MC production 5 steps. 1 ADDITIONAL VP FOR EACH OCEAN TILE ADJACENT TO THIS CITY TILE.,"[""building"", ""city""]",[]
#009,Asteroid,14,Raise temperature 1 step and gain 2 titanium. Remove up to 3 Plants from any player.,"[""event"", ""space""]","[""Space Rock"", ""Ass""]"
#010,Comet,21,Raise temperature 1 step and place an ocean tile. Remove up to 3 Plants from any player.,"[""event"", ""space""]","[""Ice Rock""]"
#011,Big Asteroid,27,Raise temperature 2 steps and gain 4 titanium. Remove up to 4 Plants from any player.,"[""event"", ""space""]","[""Big Ass"", ""Big Ass Asteroid"", ""BA""]"
#012,Water Import From Europa,25,Action: Pay 12 MC to place an ocean tile. TITANIUM MAY BE USED as if playing a Space card. 1 VP for each Jovian tag you have. 1/ VP.,"[""space"", ""jovian""]","[""WIFE"", ""Europa Water""]"
#013,Space Elevator,27,Action: Spend 1 steel to gain 5 MC. Increase your titanium production 1 step. 2 VP.,"[""space"", ""building""]","[""Orbital Elevator"", ""SE""]"
#014,Development Center,11,Action: Spend 1 Energy to draw a card.,"[""building"", ""science""]",[]
#015,Equatorial Magnetizer,11,Action: Decrease your Energy production 1 step to increase your terraform rating 1 step.,"[""building""]",[]
#016,Domed Crater,24,Oxygen must be 7% or less. Gain 3 plants. Place a City tile. Decrease your Energy production 1 step and increase your MC production 3 steps. 1 VP.,"[""building"", ""city""]",[]
#017,Noctis City,18,"Decrease your Energy production 1 step and increase your MC production 3 steps. Place a city ON THE RESERVED AREA, disregarding normal placement restrictions.","[""building"", ""city""]","[""Noctis"", ""NC""]"
#018,Methane From Titan,28,Requires 2% oxygen. Increase your heat production 2 steps and your Plant production 2 steps. 2 VP.,"[""space"", ""jovian""]",[]
#019,Imported Hydrogen,16,"Gain 3 Plants, or add 3 Microbes or 2 Animals to ANOTHER card. Place an ocean tile.","[""event"", ""space"", ""earth""]",[]
#020,Research Outpost,18,"Effect: When you play a card, you pay 1 MC less for it. Place a city tile NEXT TO NO OTHER TILE.","[""building"", ""city"", ""science""]",[]
#021,Phobos Space Haven,25,Increase your titanium production 1 step and place a City tile ON THE RESERVED AREA. 3 VP.,"[""space"", ""city""]",[]
#022,Black Polar Dust,15,Place an ocean tile. Decrease your MC production 2 steps and increase your heat production 3 steps.,[],[]
#023,Arctic Algae,12,"Effect: When anyone places an ocean tile, gain 2 Plants. It must be -12 C or colder to play. Gain 1 Plant.","[""plant""]",[]
#024,Predators,14,Action: Remove 1 Animal from any card and add it to this card. Requires 11% oxygen. 1 VP per Animal on this card.,"[""animal""]",[]
#025,Space Station,10,"Effect: When you play a Space card, you pay 2 MC less for it. 1 VP.","[""space""]","[""Orbital Station"", ""SS""]"
#026,EOS Chasma National Park,16,Requires -12 C or warmer. Add 1 Animal TO ANY ANIMAL CARD. Gain 3 Plants. Increase your MC production 2 steps. 1 VP.,"[""building"", ""plant""]",[]
#027,Interstellar Colony Ship,24,4 vp. Requires 5 Science.,"[""event"", ""space"", ""earth""]",[]
#028,Security Fleet,12,Action: Spend 1 titanium to add 1 fighter resource to this card. 1 VP for each fighter resource on this card.,"[""space""]",[]
#029,Cupola City,16,Oxygen must be 9% or less. Place a City tile. Decrease your Energy production 1 step and increase your MC production 3 steps.,"[""building"", ""city""]",[]
#030,Lunar Beam,13,Decrease your MC production 2 steps and increase your heat production and Energy production 2 steps each.,"[""power"", ""earth""]",[]
#031,Optimal Aerobraking,7,"Effect: When you play a Space Event, you gain 3 MC and 3 heat.","[""space""]","[""OA"", ""Aerobrake+""]"
#032,Underground City,18,Place a City tile. Decrease your Energy production 2 steps and increase your steel production 2 steps.,"[""building"", ""city""]",[]
#033,Regolith Eaters,13,"Action: Add 1 Microbe to this card, or remove 2 Microbes from this card to raise oxygen level 1 step.","[""microbe"", ""science""]",[]
#034,GHG Producing Bacteria,8,"Action: Add 1 Microbe to this card, or remove 2 Microbes to raise temperature 1 step. Requires 4% oxygen.","[""microbe"", ""science""]",[]
#035,Ants,9,Action: Remove 1 Microbe from any card to add 1 to this card. Requires 4% oxygen. 1 VP per 2 Microbes on this card.,"[""microbe""]",[]
#036,Release of Inert Gases,14,Raise your terraform rating 2 steps.,"[""event""]",[]
#037,Nitrogen-rich Asteroid,31,"Raise your terraforming rating 2 steps and temperature 1 step. Increase your Plant production 1 step, or 4 steps if you have 3 Plant tags.","[""event"", ""space""]",[]
#038,Rover Construction,8,"Effect: When any City tile is placed, gain 2 MC. 1 VP.","[""building""]",[]
#039,Deimos Down,31,Raise temperature 3 steps and gain 4 steel. Remove up to 8 Plants from any player.,"[""event"", ""space""]",[]
#040,Asteroid Mining,30,Increase your titanium production 2 steps. 2 VP.,"[""space"", ""jovian""]","[""AM"", ""Space Miner""]"
#041,Food Factory,12,Decrease your Plant production 1 step and increase your MC production 4 steps. 1 VP.,"[""building""]",[]
#042,Archaebacteria,6,It must be -18 C or colder. Increase your Plant production 1 step.,"[""microbe""]",[]
#043,Carbonate Processing,6,Decrease your Energy production 1 step and increase your heat production 3 steps.,"[""building""]",[]
#044,Natural Preserve,9,Oxygen must be 4% or less. Place this tile NEXT TO NO OTHER TILE. Increase your MC production 1 step. 1 VP.,"[""building"", ""science""]",[]
#045,Nuclear Power,10,Decrease your MC production 2 steps and increase your Energy production 3 steps.,"[""building"", ""power""]",[]
#046,Lightning Harvest,8,Requires 3 Science tags. Increase your Energy production and your MC production up one step each. 1 VP.,"[""power""]",[]
#047,Algae,10,Requires 5 ocean tiles. Gain 1 Plant and increase your Plant production 2 steps.,"[""plant""]",[]
#048,Adapted Lichen,9,Increase your Plant production 1 step.,"[""plant""]",[]
#049,Tardigrades,4,Action: Add 1 Microbe to this card. 1 VP per 4 Microbes on this card.,"[""microbe""]",[]
#050,Virus,1,Remove up to 2 Animals or 5 Plants from any player.,"[""event"", ""microbe""]",[]
#051,Miranda Resort,12,Increase your MC production 1 step for each Earth tag you have. 1 VP.,"[""space"", ""jovian""]","[""MR""]"
#052,Fish,9,Action: Add 1 Animal to this card. Requires +2 C or warmer. Decrease any Plant production 1 step. 1 VP for each Animal on this card.,"[""animal""]",[]
#053,Lake Marineris,18,Requires 0 C or warmer. Place 2 ocean tiles. 2 VP.,[],"[""Lake Marinara"", ""Marineris Lake""]"
#054,Small Animals,6,Action: Add 1 Animal to this card. Requires 6% oxygen. Decrease any Plant production 1 step. 1 VP per 2 Animals on this card.,"[""animal""]",[]
#055,Kelp Farming,17,Requires 6 ocean tiles. Increase your MC production 2 steps and your Plant production 3 steps. Gain 2 Plants. 1 VP.,"[""plant""]",[]
#056,Mine,4,Increase your steel production 1 step.,"[""building""]",[]
#057,Vesta Shipyard,15,Increase your titanium production 1 step. 1 VP.,"[""space"", ""jovian""]","[""Vesta Yard""]"
#058,Beam From A Thorium Asteroid,32,Requires a Jovian tag. Increase your heat production and Energy production 3 steps each. 1 VP.,"[""power"", ""space"", ""jovian""]",[]
#059,Mangrove,12,Requires +4 C or warmer. Place a greenery tile ON AN AREA RESERVED FOR OCEAN and raise oxygen 1 step. Disregard normal placement restrictions for this. 1 VP.,"[""plant""]",[]
#060,Trees,13,Requires -4 C or warmer. Increase your Plant production 3 steps. Gain 1 Plant. 1 VP.,"[""plant""]",[]
#061,Great Escarpment Consortium,6,Requires that you have steel production. Decrease any steel production 1 step and increase your own 1 step.,[],[]
#062,Mineral Deposit,5,Gain 5 steel.,"[""event""]",[]
#063,Mining Expedition,12,Raise oxygen 1 step. Remove 2 plants from any player. Gain 2 steel.,"[""event""]",[]
#064,Mining Area,4,"Place this tile on an area with a steel or titanium placement bonus, adjacent to another of your tiles. Increase your production of that resource 1 step.","[""building""]",[]
#065,Building Industries,6,Decrease your Energy production 1 step and increase your steel production 2 steps.,"[""building""]",[]
#066,Land Claim,1,,"[""event""]",[]
#067,Mining Rights,9,Place this tile on an area with a steel or titanium placement bonus. Increase that production 1 step.,"[""building""]",[]
#068,Sponsors,6,Increase your MC production 2 steps.,"[""earth""]",[]
#069,Electro Catapult,17,Action: Spend 1 plant or 1 steel to gain 7MC. Oxygen must be 8% or less. Decrease your energy production 1 step. 1 VP.,"[""building""]","[""Electrocat"", ""ecat""]"
#070,Earth Catapult,23,"Effect: When you play a card, you pay 2 MC less for it. 2 VP.","[""earth""]","[""EC""]"
#071,Advanced Alloys,9,Effect: Each titanium you have is worth 1 MC extra. Each steel you have is worth 1 MC extra.,"[""science""]",[]
#072,Birds,10,Action: Add an animal to this card. Requires 13% oxygen. Decrease any plant production 2 steps. 1 VP per Animal on this card.,"[""animal""]",[]
#073,Mars University,8,"Effect: When you play a Science tag, including this, you may discard a card from hand to draw a card. 1 VP.","[""building"", ""science""]",[]
#074,Viral Enhancers,9,"Effect: When you play a plant, microbe, or an animal tag, including this, gain 1 plant or add 1 resource to THAT CARD.","[""microbe"", ""science""]",[]
#075,Towing A Comet,23,Gain 2 plants. Raise oxygen level 1 step and place an ocean tile.,"[""event"", ""space""]","[""TAC""]"
#076,Space Mirrors,3,Action: Spend 7 MC to increase your energy production 1 step.,"[""space"", ""power""]",[]
#077,Solar Wind Power,11,Increase your energy production 1 step and gain 2 titanium.,"[""power"", ""space"", ""science""]",[]
#078,Ice Asteroid,23,Place 2 ocean tiles.,"[""event"", ""space""]","[""IA"", ""Ass Asteroid""]"
#079,Quantum Extractor,13,"Effect: When you play a Space card, you pay 2 MC less for it. Requires 4 science tags. Increase your energy production 4 steps.","[""power"", ""science""]","[""QE"", ""Quantum xtractor""]"
#080,Giant Ice Asteroid,36,Raise temperature 2 steps and place 2 ocean tiles. Remove up to 6 plants from any player.,"[""event"", ""space""]","[""GIA"", ""Giant Ass Asteroid""]"
#081,Ganymede Colony,20,Place a city tile ON THE RESERVED AREA. 1 VP per Jovian tag you have. 1/ VP.,"[""city"", ""space"", ""jovian""]","[""GC""]"
#082,Callisto Penal Mines,24,Increase your MC production 3 steps. 2 VP.,"[""space"", ""jovian""]","[""Callisto Mines"", ""CPM""]"
#083,Giant Space Mirror,17,Increase your energy production 3 steps.,"[""space"", ""power""]","[""GSM"", ""Sun Mirror""]"
#084,Trans-Neptune Probe,6,1 vp.,"[""space"", ""science""]","[""TNP""]"
#085,Commercial District,16,Decrease your energy production 1 step and increase your MC production 4 steps. Place this tile. 1 VP PER ADJACENT CITY TILE.,"[""building""]",[]
#086,Robotic Workforce,9,Duplicate only the production box of one of your building cards.,"[""science""]",[]
#087,Grass,11,Requires -16 C or warmer. Increase your plant production 1 step. Gain 3 plants.,"[""plant""]",[]
#088,Heather,6,Requires -14 C or warmer. Increase your plant production 1 step. Gain 1 plant.,"[""plant""]",[]
#089,Peroxide Power,7,Decrease your MC production 1 step and increase your Energy production 2 steps.,"[""building"", ""power""]",[]
#090,Research,11,Counts as playing 2 science cards. Draw 2 cards. 1 VP.,"[""science"", ""science""]","[""Double Science"", ""Study Session""]"
#091,Gene Repair,12,Requires 3 science tags. Increase your MC production 2 steps. 2 VP.,"[""science""]",[]
#092,IO Mining Industries,41,Increase your titanium production 2 steps and your MC production 2 steps. 1 VP per Jovian tag you have. 1/ VP.,"[""space"", ""jovian""]",[]
#093,Bushes,10,Requires -10 C or warmer. Increase your plant production 2 steps. Gain 2 plants.,"[""plant""]",[]
#094,Mass Converter,8,"Effect: When you play a Space card, you pay 2 MC less for it. Requires 5 science tags. Increase your energy production 6 steps.","[""power"", ""science""]","[""MC"", ""Massconv""]"
#095,Physics Complex,12,Action: Spend 6 Energy to add a science resource to this card. 2 VP for each science resource on this card. 2/ VP.,"[""building"", ""science""]",[]
#096,Greenhouses,6,Gain 1 plant for each city tile in play.,"[""building"", ""plant""]",[]
#097,Nuclear Zone,10,Place this tile and raise temperature 2 steps. -2 VP.,"[""earth""]",[]
#098,Tropical Resort,13,Reduce your heat production 2 steps and increase your MC production 3 steps. 2 VP.,"[""building""]",[]
#099,Toll Station,12,Increase your MC production 1 step for each space tag your OPPONENTS have.,"[""space""]",[]
#100,Fueled Generators,1,Decrease your MC production 1 step and increase your Energy production 1 step.,"[""building"", ""power""]",[]
#101,Ironworks,11,Action: Spend 4 energy to gain 1 steel and raise oxygen 1 step.,"[""building""]",[]
#102,Power Grid,18,"Increase your Energy production step for each Power tag you have, including this.","[""power""]",[]
#103,Steelworks,15,Action: Spend 4 energy to gain 2 steel and increase oxygen 1 step.,"[""building""]",[]
#104,Ore Processor,13,Action: Spend 4 energy to gain 1 titanium and increase oxygen 1 step.,"[""building""]","[""Ore Proc""]"
#105,Earth Office,1,"Effect: When you play an Earth card, you pay 3 MC less for it.","[""earth""]",[]
#106,Acquired Company,10,Increase your MC production 3 steps.,"[""earth""]",[]
#107,Media Archives,8,Gain 1 MC for each event EVER PLAYED by all players.,"[""earth""]",[]
#108,Open City,23,Requires 12% oxygen. Gain 2 plants. Place a City tile. Decrease your Energy production 1 step and increase your MC production 4 steps. 1 VP.,"[""building"", ""city""]","[""OC"", ""Open Urban""]"
#109,Media Group,6,"Effect: After you play an event card, you gain 3MC.","[""earth""]",[]
#110,Business Network,4,Decrease your MC production 1 step.,"[""earth""]",[]
#111,Business Contacts,7,Look at the top 4 cards from the deck. Take 2 of them into hand and discard the other 2.,"[""event"", ""earth""]",[]
#112,Bribed Committee,7,Raise your TR 2 steps. -2 VP.,"[""event"", ""earth""]",[]
#113,Solar Power,11,Increase your energy production 1 step. 1 VP.,"[""building"", ""power""]",[]
#114,Breathing Filters,11,Requires 7% oxygen. 2 VP.,"[""science""]",[]
#115,Artificial Photosynthesis,12,Increase your plant production 1 step or your energy production 2 steps.,"[""science""]",[]
#116,Artificial Lake,15,Requires -6 C or warmer. Place 1 ocean tile ON AN AREA NOT RESERVED FOR OCEAN. 1 VP.,"[""building""]",[]
#117,Geothermal Power,11,Increase your energy production 2 steps.,"[""building"", ""power""]",[]
#118,Farming,16,Requires +4 C or warmer. Increase your MC production 2 steps and your plant production 2 steps. Gain 2 Plants. 2 VP.,"[""plant""]",[]
#119,Dust Seals,2,Requires 3 or less ocean tiles. 1 VP.,[],[]
#120,Urbanized Area,10,Decrease your energy production 1 step and increase your MC production 2 steps. Place a city tile ADJACENT TO AT LEAST 2 OTHER CITY TILES.,"[""building"", ""city""]",[]
#121,Sabotage,1,"Remove up to 3 titanium from any player, or 4 steel, or 7 MC.","[""event""]",[]
#122,Moss,4,Requires 3 ocean tiles. Increase your plant production by 1.,"[""plant""]",[]
#123,Industrial Center,4,Action: Spend 7 MC to increase your steel production 1 step. Place this tile adjacent to a city tile.,"[""building""]",[]
#124,Hired Raiders,1,"Steal up to 2 steel, or 3 MC from any player.","[""event""]",[]
#125,Hackers,3,Decrease your energy production 1 step and any MC production 2 steps. Increase your MC production 2 steps. -1 VP.,[],[]
#126,GHG Factories,11,Decrease your Energy production 1 step and increase your heat production 4 steps.,"[""building""]",[]
#127,Subterranean Reservoir,11,Place 1 ocean tile.,"[""event""]",[]
#128,Ecological Zone,12,"Effect: When you play an animal or plant tag including these, add an animal to this card. Requires that you have a greenery tile. Place this tile adjacent to any greenery tile. 1 VP per 2 Animals on this card.","[""plant"", ""animal""]",[]
#129,Zeppelins,13,Requires 5% oxygen. Increase your MC production 1 step for each City tile ON MARS. 1 VP.,[],[]
#130,Worms,8,"Requires 4% oxygen. Increase your Plant production 1 step for every 2 Microbe tags you have, including this.","[""microbe""]",[]
#131,Decomposers,5,"Effect: When you play an Animal, Plant, or Microbe tag, including this, add a Microbe to this card. Requires 3% oxygen. 1 VP per 3 Microbes on this card.","[""microbe""]",[]
#132,Fusion Power,14,Requires 2 Power tags. Increase your Energy production 3 steps.,"[""building"", ""power"", ""science""]",[]
#133,Symbiotic Fungus,4,Action: Add a microbe to ANOTHER card. Requires -14 C or warmer.,"[""microbe""]",[]
#134,Extreme-cold Fungus,13,Action: Gain 1 plant or add 2 microbes to ANOTHER card. It must be -10 C or colder.,"[""microbe""]",[]
#135,Advanced Ecosystems,11,"Requires a Plant tag, a Microbe tag, and an Animal tag. 3 VP.","[""animal"", ""microbe"", ""plant""]",[]
#136,Great Dam,12,Requires 4 ocean tiles. Increase your Energy production 2 steps. 1 VP.,"[""building"", ""power""]","[""Hydro Dam"", ""Big Dam""]"
#137,Cartel,8,"Increase your MC production 1 step for each Earth tag you have, including this.","[""earth""]",[]
#138,Strip Mine,25,Decrease your Energy production 2 steps. Increase your steel production 2 steps and your titanium production 1 step. Raise oxygen 2 steps.,"[""building""]",[]
#139,Wave Power,8,Requires 3 ocean tiles. Increase your energy production 1 step. 1 VP.,"[""power""]",[]
#140,Lava Flows,18,"Raise temperature 2 steps and place this tile ON EITHER THARSIS THOLUS, ASCRAEUS MONS, PAVONIS MONS OR ARSIA MONS.","[""event""]",[]
#141,Power Plant,4,Increase your Energy production 1 step.,"[""building"", ""power""]",[]
#142,Mohole Area,20,Increase your heat production 4 steps. Place this tile ON AN AREA RESERVED FOR OCEAN.,"[""building""]",[]
#143,Large Convoy,36,Place an ocean tile and draw 2 cards. Gain 5 Plants or add 4 Animals to ANOTHER card. 2 VP.,"[""event"", ""space"", ""earth""]","[""Big Convoy"", ""Cargo Whale""]"
#144,Titanium Mine,7,Increase your titanium production 1 step.,"[""building""]",[]
#145,Tectonic Stress Power,18,Requires 2 Science tags. Increase your Energy production 3 steps. 1 VP.,"[""building"", ""power""]",[]
#146,Nitrophilic Moss,8,Requires 3 ocean tiles and that you lose 2 plants. Increase your plant production 2 steps.,"[""plant""]",[]
#147,Herbivores,12,"Effect: When you place a greenery tile, add an Animal to this card. Requires 8% oxygen. Add 1 Animal to this card. Decrease any Plant production 1 step. 1 VP per 2 Animals on this card.","[""animal""]",[]
#148,Insects,9,Requires 6% oxygen. Increase your Plant production 1 step for each plant tag you have.,"[""microbe""]",[]
#149,CEO's Favorite Project,1,,"[""event""]","[""Favorite Project""]"
#150,Anti-gravity Technology,14,"Effect: When you play a card, you pay 2 MC less for it. Requires 7 science tags. 3 VP.","[""science""]",[]
#151,Investment Loan,3,Decrease your MC production 1 step. Gain 10 MC.,"[""event"", ""earth""]",[]
#152,Insulation,2,Decrease your heat production any number of steps and increase your MC production the same number of steps.,[],[]
#153,Adaptation Technology,12,"Effect: Your global requirements are +2 or -2 steps, your choice in each case. 1 VP.","[""science""]",[]
#154,Caretaker Contract,3,Action: Spend 8 heat to increase your terraform rating 1 step. Requires 0 C or warmer.,[],[]
#155,Designed Microorganisms,16,It must be -14 C or colder. Increase your Plant production 2 steps.,"[""microbe"", ""science""]",[]
#156,Standard Technology,6,"Effect: After you pay for a standard project, except selling patents, you gain 3 MC.","[""science""]",[]
#157,Nitrite Reducing Bacteria,11,"Action: Add 1 Microbe to this card, or remove 3 Microbes to increase your TR 1 step. Add 3 Microbes to this card.","[""microbe""]",[]
#158,Industrial Microbes,12,Increase your Energy production and your steel production 1 step each.,"[""building"", ""microbe""]","[""IM"", ""Microbe Works""]"
#159,Lichen,7,Requires -24 C or warmer. Increase your Plant production 1 step.,"[""plant""]",[]
#160,Power Supply Consortium,5,Requires 2 Power tags. Decrease any Energy production 1 step and increase your own 1 step.,"[""power""]",[]
#161,Convoy From Europa,15,Place 1 ocean tile and draw 1 card.,"[""event"", ""space""]",[]
#162,Imported GHG,7,Increase your heat production 1 step and gain 3 heat.,"[""event"", ""space"", ""earth""]",[]
#163,Imported Nitrogen,23,Raise your TR 1 step and gain 4 Plants. Add 3 Microbes to ANOTHER card and 2 Animals to ANOTHER card.,"[""event"", ""space"", ""earth""]",[]
#164,Micro-mills,3,Increase your heat production 1 step.,[],[]
#165,Magnetic Field Generators,20,Decrease your Energy production 4 steps and increase your Plant production 2 steps. Raise your TR 3 steps.,"[""building""]",[]
#166,Shuttles,10,"Effect: When you play a Space card, you pay 2 MC less for it. Requires 5% oxygen. Decrease your Energy production 1 step and increase your MC production 2 steps. 1 VP.","[""space""]",[]
#167,Import of Advanced GHG,9,Increase your heat production 2 steps.,"[""event"", ""space"", ""earth""]","[""Advanced GHG"", ""GHG Import+""]"
#168,Windmills,6,Requires 7% oxygen. Increase your Energy production 1 step. 1 VP.,"[""building"", ""power""]",[]
#169,Tundra Farming,16,Requires -6 C or warmer. Increase your Plant production 1 step and your MC production 2 steps. Gain 1 Plant. 2 VP.,"[""plant""]",[]
#170,Aerobraked Ammonia Asteroid,26,Add 2 Microbes to ANOTHER card. Increase your heat production 3 steps and your Plant productions 1 step.,"[""event"", ""space""]",[]
#171,Magnetic Field Dome,5,Decrease your Energy production 2 steps and increase your Plant production 1 step. Raise your TR 1 step.,"[""building""]",[]
#172,Pets,10,"Effect: When any City tile is placed, add an Animal to this card. Add 1 Animal to this card. 1 VP per 2 Animals here. Animals may not be removed from this card.","[""animal"", ""earth""]","[""Puppies and Kittens"", ""Furry Friends""]"
#173,Protected Habitats,5,"Opponents may not remove your plants, animals or microbes.",[],[]
#174,Protected Valley,23,"Increase your MC production 2 steps. Place on a greenery tile ON AN AREA RESERVED FOR OCEAN, disregarding normal placement restrictions, and increase oxygen 1 step.","[""building"", ""plant""]",[]
#175,Satellites,10,"Increase your MC production 1 step for each space tag you have, including this one.","[""space""]",[]
#176,Noctis Farming,10,Requires -20 C or warmer. Increase your MC production 1 step and gain 2 Plants. 1 VP.,"[""plant"", ""building""]",[]
#177,Water Splitting Plant,12,Action: Spend 3 Energy to raise oxygen 1 step. Requires 2 ocean tiles.,"[""building""]",[]
#178,Heat Trappers,6,Decrease any heat production 2 steps and increase your Energy production 1 step. -1 VP.,"[""building"", ""power""]",[]
#179,Soil Factory,9,Decrease your Energy production 1 step and increase your Plant production 1 step. 1 VP.,"[""building""]",[]
#180,Fuel Factory,6,Decrease your Energy production 1 step and increase your titanium and your MC production 1 step each.,"[""building""]",[]
#181,Ice Cap Melting,5,Requires +2 C or warmer. Place 1 ocean tile.,"[""event""]","[""ICM"", ""Icecap""]"
#182,Corporate Stronghold,11,Decrease your Energy production 1 step and increase your MC production 3 steps. Place a City tile. -2 VP.,"[""building"", ""city""]","[""Corp Stronghold"", ""Stronghold""]"
#183,Biomass Combustors,4,Requires 6% oxygen. Decrease any Plant production 1 step and increase your Energy production 2 steps. -1 VP.,"[""building"", ""power""]",[]
#184,Livestock,13,Action: Add 1 Animal to this card. Requires 9% oxygen. Decrease your Plant production 1 step and increase your MC production 2 steps. 1 VP for each Animal on this card.,"[""animal""]",[]
#185,Olympus Conference,10,"When you play a Science tag, including this, either add a Science resource to this card, or remove a Science resource from this card to draw a card. 1 VP.","[""building"", ""earth"", ""science""]",[]
#186,Rad-Suits,6,Requires two cities in play. Increase your MC up 1 step. 1 VP.,[],"[""Radsuits"", ""Hazmat Suits""]"
#187,Aquifer Pumping,18,Action: Spend 8 MC to place 1 ocean tile. STEEL MAY BE USED as if you were playing a Building card.,"[""building""]",[]
#188,Flooding,7,"Place an ocean tile. IF THERE ARE TILES ADJACENT TO THIS OCEAN TILE, YOU MAY REMOVE 4 MC FROM THE OWNER OF ONE OF THOSE TILES. -1 VP.","[""event""]",[]
#189,Energy Saving,15,Increase your Energy production 1 step for each City tile in play.,"[""power""]",[]
#190,Local Heat Trapping,1,"Spend 5 heat to gain either 4 Plants, or to add 2 Animals to ANOTHER card.","[""event""]",[]
#191,Permafrost Extraction,8,Requires -8 C or warmer. Place 1 ocean tile.,"[""event""]",[]
#192,Invention Contest,2,Look at the top 3 cards from the deck. Take 1 of them into your hand and discard the rest.,"[""event"", ""science""]",[]
#193,Plantation,15,Requires 2 Science tags. Place a greenery tile and raise oxygen 1 step.,"[""plant""]",[]
#194,Power Infrastructure,4,Action: Spend any amount of Energy and gain that amount of MC.,"[""building"", ""power""]",[]
#195,Indentured Workers,0,The next card you play this generation costs 8 MC less. -1 VP.,"[""event""]",[]
#196,Lagrange Observatory,9,Draw 1 card. 1 VP.,"[""space"", ""science""]","[""Lagrange Obs""]"
#197,Terraforming Ganymede,33,"Raise your TR 1 step for each Jovian tag you have, including this. 2 VP.","[""space"", ""jovian""]","[""TG""]"
#198,Immigration Shuttles,31,Increase your MC production 5 steps. 1 VP for every 3rd City in play.,"[""space"", ""earth""]",[]
#199,Restricted Area,11,Action: Spend 2 MC to draw a card. Place this tile.,"[""science""]",[]
#200,Immigrant City,13,"Effect: When a City tile is placed, including this, increase your MC production 1 step. Decrease your Energy production 1 step and decrease your MC production 2 steps. Place a City tile.","[""building"", ""city""]",[]
#201,Energy Tapping,3,Decrease any Energy production 1 step and increase your own 1 step. -1 VP.,"[""power""]",[]
#202,Underground Detonations,6,Action: Spend 10MC to increase your heat production 2 steps.,"[""building""]",[]
#203,Soletta,35,Increase your heat production 7 steps.,"[""space""]","[""Sunshade"", ""Solar Shade""]"
#204,Technology Demonstration,5,Draw two cards.,"[""event"", ""space"", ""science""]",[]
#205,Rad-Chem Factory,8,Decrease your Energy production 1 step. Raise your TR 2 steps.,"[""building""]","[""RCF"", ""Rad Chem""]"
#206,Special Design,4,"The next card you play this generation is +2 or -2 steps in global requirements, your choice.","[""event"", ""science""]",[]
#207,Medical Lab,13,"Increase your MC production 1 step for every 2 Building tags you have, including this. 1 VP.","[""building"", ""science""]","[""Med Lab""]"
#208,AI Central,21,Action: Draw 2 cards. Requires 3 Science tags to play. Decrease your Energy production 1 step. 1 VP.,"[""building"", ""science""]",[]
#209,Small Asteroid,10,Increase temperature 1 step. Remove up to 2 plants from any player.,"[""event"", ""space""]","[""Tiny Ass Asteroid"", ""Small Ass Asteroid""]"
#210,Self-replicating Robots,7,"Action: Reveal and place a SPACE OR BUILDING card here from hand, and place 2 resources on it, OR double the resources on a card here. Effect: Cards here may be played as if from hand with its cost reduced by the number of resources on it. Requires 2 Science tags.",[],[]
#211,Snow Algae,12,Requires 2 oceans. Increase your Plant production and your heat production 1 step each.,"[""plant""]",[]
#212,Penguins,7,Action: Add 1 animal to this card. Requires 8 oceans. 1 VP for each animal on this card.,"[""animal""]",[]
#213,Aerial Mappers,11,Action: Add 1 Floater to ANY card or spend 1 Floater here to draw 1 card. 1 VP.,"[""venus""]",[]
#214,Aerosport Tournament,7,Requires that you have 5 Floaters. Gain 1 MC per each City tile in play 1 VP.,"[""event""]",[]
#215,Air-Scrapping Expedition,13,Raise Venus 1 step. Add 3 Floaters to ANY Venus CARD.,"[""event"", ""venus""]","[""ASE"", ""Air Scrap""]"
#216,Atalanta Planitia Lab,10,Requires 3 science tags. Draw 2 cards. 2 VP.,"[""science"", ""venus""]","[""APL"", ""Atlanta""]"
#217,Atmoscoop,22,"Requires 3 Science tags. Either raise the temperature 2 steps, or raise Venus 2 steps. Add 2 Floaters to ANY card. 1 VP.","[""space"", ""jovian""]",[]
#218,Comet for Venus,11,Raise Venus 1 step. Remove up to 4MC from any player WITH A VENUS TAG IN PLAY.,"[""event"", ""space""]","[""Venus Comet"", ""Comet4V""]"
#219,Corroder Suits,8,Increase your MC production 2 steps. Add 1 resource to ANY Venus CARD.,"[""venus""]",[]
#220,Dawn City,15,Requires 4 Science tags. Decrease your energy production 1 step. Increase your titanium production 1 step. Place a City tile on the RESERVED AREA. 3 VP.,"[""city"", ""space""]",[]
#221,Deuterium Export,11,Action: add 1 Floater to this card OR spend 1 Floater here to increase your energy production 1 step.,"[""space"", ""power"", ""venus""]",[]
#222,Dirigibles,11,"Action: add 1 Floater to ANY card. Effect: when playing a Venus tag, Floaters here may be used as payment, and are worth 3MC each.","[""venus""]",[]
#223,Extractor Balloons,21,"Action: add 1 Floater to this card, or remove 2 Floaters here to raise Venus 1 step. Add 3 Floaters to this card.","[""venus""]",[]
#224,Extremophiles,3,Action: add 1 Microbe to ANY card Requires 2 Science tags. 1 VP for every 3rd Microbe on this card.,"[""microbe"", ""venus""]",[]
#225,Floating Habs,5,Action: spend 2 MC to add 1 Floater to ANY card. Requires 2 Science tags. 1 VP for every 2nd Floater on this card.,"[""venus""]",[]
#226,Forced Precipitation,8,"Action: Spend 2 MC to add 1 Floater to this card, OR spend 2 Floaters here to increase Venus 1 step.","[""venus""]",[]
#227,Freyja Biodomes,14,Requires 10% on the Venus track. Add 2 Microbes or 2 Animals to another Venus card. Decrease your energy production 1 step and increase your MC production 2 steps. 2 VP.,"[""plant"", ""venus""]",[]
#228,GHG Import from Venus,23,Raise Venus 1 step. Increase your heat production 3 steps.,"[""event"", ""space"", ""venus""]","[""Venus GHG"", ""GHG Import (Venus)""]"
#229,Giant Solar Shade,27,Raise Venus 3 steps.,"[""space"", ""venus""]",[]
#230,Gyropolis,20,Decrease your energy production 2 steps. Increase your MC production 1 step for each Venus and Earth tag you have. Place a City tile.,"[""building"", ""city""]",[]
#231,Hydrogen to Venus,11,Raise Venus 1 step. Add 1 Floater to A Venus CARD for each Jovian tag you have.,"[""event"", ""space""]","[""H2 to Venus"", ""Venus Hydrogen""]"
#232,IO Sulphur Research,17,"Draw 1 card, or draw 3 if you have at least 3 Venus tags. 2 VP.","[""jovian"", ""science""]",[]
#233,Ishtar Mining,5,,"[""venus""]",[]
#234,Jet Stream Microscrappers,12,"Action: Spend 1 titanium to add 2 Floaters here, OR spend 2 Floaters here to raise Venus 1 step.","[""venus""]","[""JSM"", ""Microscrappers""]"
#235,Local Shading,4,"Action: add 1 Floater to this card, or spend 1 Floater here to raise your MC production 1 step.","[""venus""]",[]
#236,Luna Metropolis,21,"Increase your MC production 1 step for each Earth tag you have, including this. Place a City tile on the RESERVED AREA. 2 VP.","[""city"", ""earth"", ""space""]",[]
#237,Luxury Foods,8,2 vp.,[],[]
#238,Maxwell Base,18,Action: Add 1 resource to ANOTHER VENUS CARD. Requires Venus 12%. Decrease your energy production 1 step. Place a City tile ON THE RESERVED AREA. 3 VP.,"[""city"", ""venus""]",[]
#239,Mining Quota,5,"Requires Venus, Earth and Jovian tags. Increase your steel production 2 steps.","[""building""]",[]
#240,Neutralizer Factory,7,Requires Venus 10%. Increase the Venus track 1 step.,"[""venus""]",[]
#241,Omnicourt,11,"Requires Venus, Earth and Jovian tags. Increase your TR 2 steps.","[""building""]",[]
#242,Orbital Reflectors,26,Raise Venus 2 steps. Increase your heat production 2 steps.,"[""space"", ""venus""]",[]
#243,Rotator Impacts,6,"Action: spend 6 MC to add an asteroid resource to this card TITANIUM MAY BE USED, or spend 1 resource from this card to increase Venus 1 step. Venus must be 14% or lower.","[""space""]",[]
#244,Sister Planet Support,7,Requires Venus and Earth tags. Increase your MC production 3 steps.,"[""earth"", ""venus""]",[]
#245,Solarnet,7,"Requires Venus, Earth and Jovian tags. Draw 2 cards. 1 VP.",[],[]
#246,Spin-inducing Asteroid,16,Venus must be 10% or lower. Raise Venus 2 steps.,"[""event"", ""space""]",[]
#247,Sponsored Academies,9,Discard 1 card from your hand and THEN draw 3 cards. All OPPONENTS draw 1 card. 1 VP.,"[""earth"", ""science""]",[]
#248,Stratopolis,22,Action: Add 2 floaters to ANY VENUS CARD. Requires 2 science tags. Increase your MC production 2 steps. Place a City tile ON THE RESERVED AREA. 1 VP for every 3rd Floater on this card.,"[""city"", ""venus""]",[]
#249,Stratospheric Birds,12,Action: Add 1 animal to this card. Requires Venus 12% and that you spend 1 Floater from any card. 1 VP for each Animal on this card.,"[""animal"", ""venus""]",[]
#250,Sulphur Exports,21,"Increase Venus 1 step. Increase your MC production1 step for each Venus tag you have, including this.","[""space"", ""venus""]",[]
#251,Sulphur-eating Bacteria,6,"Action: add 1 Microbe to this card, or spend any number of Microbes here to gain triple amount of MC. Requires Venus 6%.","[""microbe"", ""venus""]",[]
#252,Terraforming Contract,8,Requires that you have at least 25 TR. Increase your MC production 4 steps.,"[""earth""]",[]
#253,Thermophiles,9,Action: add 1 Microbe to ANY Venus CARD or spend 2 Microbes here to raise Venus 1 step. Requires Venus 6%.,"[""microbe"", ""venus""]",[]
#254,Water TO Venus,9,Raise Venus 1 step.,"[""event"", ""space""]",[]
#255,Venus Governor,4,Requires 2 Venus tags. Increase your MC production 2 steps.,"[""venus"", ""venus""]",[]
#256,Venus Magnetizer,7,Action: Decrease your Energy production 1 step to raise Venus 1 step. Requires Venus 10%.,"[""venus""]",[]
#257,Venus Soils,20,Raise Venus 1 step. Increase your Plant production 1 step. Add 2 Microbes to ANOTHER card.,"[""plant"", ""venus""]",[]
#258,Venus Waystation,9,"Effect: When you play a Venus tag, you pay 2 MC less for it. 1 VP.","[""space"", ""venus""]",[]
#259,Venusian Animals,15,"Effect: when you play a Science tag, including this, add 1 Animal to this card.","[""animal"", ""science"", ""venus""]",[]
#260,Venusian Insects,5,Action: add 1 Microbe to this card. Requires Venus 12%. 1 VP for every 2nd Microbe on this card.,"[""microbe"", ""venus""]",[]
#261,Venusian Plants,13,Requires Venus 16%. Raise Venus 1 step. Add 1 Microbe or 1 Animal to ANOTHER VENUS CARD. 1 VP.,"[""plant"", ""venus""]",[]
#P36,House Printing,10,Increase your steel production 1 step. 1 VP.,"[""building""]",[]
#P37,Lava Tube Settlement,15,Decrease your energy production 1 step and increase your MC production 2 steps. Place a City Tile on a VOLCANIC AREA regardless of adjacent cities.,"[""building"", ""city""]",[]
#P38,Martian Survey,9,Oxygen must be 4% or lower. Draw two cards. 1 VP.,"[""event"", ""science""]",[]
#P39,Psychrophiles,2,"Action: Add 1 microbe to this card. Effect: When paying for a plant card, microbes here may be used as 2 MC each. Temperature must be -20 C or lower.","[""microbe""]",[]
#P40,Research Coordination,4,,"[""wild""]",[]
#P41,SF Memorial,7,Draw 1 card. 1 VP.,"[""building""]",[]
#P42,Space Hotels,12,Requires 2 Earth tags. Increase MC production 4 steps.,"[""space"", ""earth""]",[]
#C01,Airliners,11,Requires that you have 3 floaters. Increase your MC production 2 steps. Add 2 floaters to ANY card. 1 VP.,[],[]
#C02,AIR Raid,0,Requires that you lose 1 floater. Steal 5 MC from any player.,"[""event""]",[]
#C03,Atmo Collectors,15,"Action: Add 1 floater here, or spend 1 floater here to gain 2 titanium, or 3 energy, or 4 heat. Add 2 floaters to ANY card.",[],[]
#C04,Community Services,13,"Increase your MC production 1 step per CARD WITH NO TAGS, including this. 1 VP.",[],[]
#C05,Conscription,5,Requires 2 Earth tags. The next card you play this generation costs 16 MC less. -1 VP.,"[""event"", ""earth""]",[]
#C06,Corona Extractor,10,Requires 4 science tags. Increase your energy production 4 steps.,"[""space"", ""power""]",[]
#C07,Cryo Sleep,10,"Effect: When you trade, you pay 1 less resource for it. 1 VP.","[""science""]",[]
#C08,Earth Elevator,43,Increase your titanium production 3 steps. 4 VP.,"[""space"", ""earth""]",[]
#C09,Ecology Research,21,Increase your plant production 1 step for each colony you own. Add 1 animal to ANOTHER card and 2 microbes to ANOTHER card. 1 VP.,"[""plant"", ""microbe"", ""animal"", ""science""]",[]
#C10,Floater Leasing,3,Increase your MC production 1 step per 3 floaters you have.,[],[]
#C11,Floater Prototypes,2,Add two floaters to ANOTHER card.,"[""event"", ""science""]",[]
#C12,Floater Technology,7,Action: Add 1 floater to ANOTHER card.,"[""science""]",[]
#C13,Galilean Waystation,15,Increase your MC production 1 step for every Jovian tag in play. 1 VP.,"[""space""]",[]
#C14,Heavy Taxation,3,"Requires 2 Earth tags. Increase your MC production 2 steps, and gain 4MC. -1 VP.","[""earth""]",[]
#C15,ICE Moon Colony,23,Place 1 colony and 1 ocean tile.,"[""space""]",[]
#C16,Impactor Swarm,11,Requires 2 Jovian tags. Gain 12 heat. Remove up to 2 plants from any player.,"[""event"", ""space""]",[]
#C17,Interplanetary Colony Ship,12,Place a colony.,"[""event"", ""space"", ""earth""]",[]
#C18,Jovian Lanterns,20,Action: Spend 1 titanium to add 2 floaters here. Requires 1 Jovian tag. Increase your TR 1 step. Add 2 floaters to ANY card. 1VP per 2 floaters.,"[""jovian""]",[]
#C19,Jupiter Floating Station,9,"Action: Add 1 floater to a JOVIAN CARD, or gain 1 MC for every floater here MAX 4. Requires 3 Science tags. 1 VP.","[""jovian""]",[]
#C20,Luna Governor,4,Requires 3 Earth tags. Increase your MC production 2 steps.,"[""earth"", ""earth""]",[]
#C21,Lunar Exports,19,"Increase your plant production 2 steps, or your MC production 5 steps.","[""earth"", ""space""]",[]
#C22,Lunar Mining,11,"Increase your titanium production 1 step for every 2 Earth tags you have in play, including this.","[""earth""]",[]
#C23,Market Manipulation,1,,"[""event"", ""earth""]",[]
#C24,Martian ZOO,12,"Effect: When you play an Earth tag, place an animal here. Action: Gain 1MC per animal here. Requires 2 city tiles in play. 1 VP.","[""building"", ""animal""]",[]
#C25,Mining Colony,20,Increase your titanium production 1 step. Place a colony.,"[""space""]",[]
#C26,Minority Refuge,5,Decrease your MC production 2 steps. Place a colony.,"[""space""]",[]
#C27,Molecular Printing,11,Gain 1Mc for each city tile in play. Gain 1MC for each colony in play. 1 VP.,"[""science""]",[]
#C28,Nitrogen From Titan,25,Raise your TR 2 steps. Add 2 floaters to a JOVIAN CARD. 1 VP.,"[""space"", ""jovian""]",[]
#C29,Pioneer Settlement,13,Requires that you have no more than 1 colony. Decrease your MC production 2 steps. Place a colony. 2 VP.,"[""space""]",[]
#C30,Productive Outpost,0,,[],[]
#C31,Quantum Communications,8,Requires 4 Science tags. Increase your MC production 1 step for each colony in play. 1 VP.,[],[]
#C32,RED Spot Observatory,17,"Action: Add 1 floater to this card, or spend 1 floater here to draw a card. Requires 3 Science tags. Draw 2 cards. 2 VP.","[""jovian"", ""science""]",[]
#C33,Refugee Camps,10,Action: Decrease your MC production 1 step to add a camp resource to this card. 1 VP for each camp resource on this card. 1/ VP.,"[""earth""]",[]
#C34,Research Colony,20,Place a colony. MAY BE PLACED WHERE YOU ALREADY HAVE A COLONY. Draw 2 cards.,"[""space"", ""science""]",[]
#C35,RIM Freighters,4,"Effect: When you trade, you pay 1 less resource for it.","[""space""]",[]
#C36,SKY Docks,18,"Effect: When you play a card, you pay 1 MC less for it. Requires 2 Earth tags. Gain 1 Trade Fleet. 2 VP.","[""space"", ""earth""]",[]
#C37,Solar Probe,9,"Draw 1 card for every 3 science tags you have, including this. 1 VP.","[""event"", ""space"", ""science""]",[]
#C38,Solar Reflectors,23,Increase your heat production 5 steps.,"[""space""]",[]
#C39,Space Port,22,Requires 1 colony. Decrease your Energy production 1 step and increase your MC production 4 steps. Place a City tile. Gain 1 Trade Fleet.,"[""building"", ""city""]",[]
#C40,Space Port Colony,27,Requires a colony. Place a colony. MAY BE PLACED ON A COLONY TILE WHERE YOU ALREADY HAVE A COLONY. Gain 1 Trade Fleet. 1VP per 2 colonies in play.,"[""space""]",[]
#C41,Spin-off Department,10,"Effect: WHEN PLAYING A CARD WITH A BASIC COST OF 20MC OR MORE, draw a card. Increase your MC production 2 steps.","[""building""]",[]
#C42,Sub-zero Salt Fish,5,Action: Add 1 Animal to this card. Requires -6 C. Decrease any Plant production 1 step. 1 VP per 2 Animals on this card.,"[""animal""]",[]
#C43,Titan Air-scrapping,21,"Action: Spend 1 titanium to add 2 floaters here, or spend 2 floaters here to increase your TR 1 step. 2 VP.","[""jovian""]",[]
#C44,Titan Floating Launch-pad,18,"Action: Add 1 floater to ANY JOVIAN CARD, or spend 1 floater here to trade for free. Add two floaters to ANY JOVIAN CARD. 1 VP.","[""jovian""]",[]
#C45,Titan Shuttles,23,"Action: Add 2 floaters to ANY JOVIAN CARD, or spend any number of floaters here to gain the same number of titanium. 1 VP.","[""space"", ""jovian""]",[]
#C46,Trade Envoys,6,"Effect: When you trade, you may first increase that Colony Tile track 1 step.",[],[]
#C47,Trading Colony,18,"Effect: When you trade, you may first increase that Colony Tile track 1 step. Place a colony.","[""space""]",[]
#C48,Urban Decomposers,6,"Requires that you have 1 city tile and 1 colony in play. Increase your plant production 1 step, and add 2 microbes to ANOTHER card.","[""microbe""]",[]
#C49,Warp Drive,14,"Effect: When you play a Space card, you pay 4 MC less for it. Requires 5 Science tags. 2 VP.","[""science""]",[]
#T01,Aerial Lenses,2,Requires that Kelvinists are ruling or that you have 2 delegates there. Remove up to 2 plants from any player. Increase your heat production 2 steps. -1 VP.,[],[]
#T02,Banned Delegate,0,Requires that you are Chairman. Remove any NON-LEADER delegate.,"[""event""]",[]
#T03,Cultural Metropolis,20,Requires that Unity is ruling or that you have 2 delegates there. Decrease your energy production 1 step and increase your MC production 3 steps. Place a city tile. Place 2 delegates in 1 party.,"[""building"", ""city""]",[]
#T04,Diaspora Movement,7,Requires that Reds are ruling or that you have 2 delegates there. Gain 1MC for each Jovian tag in play. 1 VP.,"[""jovian""]",[]
#T05,Event Analysts,5,Effect: You have influence +1. Requires that Scientists are ruling or that you have 2 delegates there.,"[""science""]",[]
#T06,GMO Contract,3,"Effect: Each time you play a plant,animal, or microbe tag, including this, gain 2MC. Requires that Greens are ruling or that you have 2 delegates there.","[""microbe"", ""science""]",[]
#T07,Martian Media Center,7,Action: Pay 3 MC to add a delegate to any party. Requires that Mars First is ruling or that you have 2 delegates there.Increase your MC production 2 steps.,"[""building""]",[]
#T08,Parliament Hall,8,"Requires that Mars First are ruling or that you have 2 delegates there. Increase your MC production 1 step for every 3 Building tag you have, including this. 1 VP.","[""building""]",[]
#T09,PR Office,7,"Requires that Unity are ruling or that you have 2 delegates there. Gain 1 TR. Gain 1 MC for each Earth tag you have, including this.","[""earth""]",[]
#T10,Public Celebrations,8,Requires that you are Chairman. 2 VP.,"[""event""]",[]
#T11,Recruitment,2,Exchange one NEUTRAL NON-LEADER delegate with one of your own from the reserve.,"[""event""]",[]
#T12,RED Tourism Wave,3,Requires that Reds are ruling or that you have 2 delegates there. Gain 1 MC from each EMPTY AREA ADJACENT TO YOUR TILES.,"[""event"", ""earth""]",[]
#T13,Sponsored Mohole,5,Requires that Kelvinists are ruling or that you have 2 delegates there. Increase your heat production 2 steps.,"[""building""]",[]
#T14,Supported Research,3,Requires that Scientists are ruling or that you have 2 delegates there. Draw 2 cards.,"[""science""]",[]
#T15,Wildlife Dome,15,Requires that Greens are ruling or that you have 2 delegates there. Place a greenery tile and raise oxygen 1 step.,"[""building"", ""plant"", ""animal""]",[]
#T16,Vote OF NO Confidence,5,Requires that you have a Party Leader in any party and that the sitting Chairman is neutral. Remove the NEUTRAL Chairman and move your own delegatefrom the reserve there instead. Gain 1 TR.,"[""event""]",[]
#X01,Dusk Laser Mining,8,"Requires 2 Science tags. Decrease your energy production 1 step, and increase your titanium production 1 step. Gain 4 titanium.","[""space""]",[]
#X02,Project Inspection,0,Use a card action that has already been used this generation. Use a card action that has already been used this generation.,"[""event""]",[]
#X03,Energy Market,3,"Action: Spend 2X MC to gain X energy, or decrease energy production 1 step to gain 8 MC.","[""power""]",[]
#X04,Hi-tech LAB,17,Action: Spend any amount of energy to draw the same number of cards. TAKE 1 INTO HAND AND DISCARD THE REST. 1 VP.,"[""building"", ""science""]",[]
#X05,Interplanetary Trade,27,"Increase your MC production 1 step per different tag you have in play, including this. 1 VP.","[""space""]",[]
#X06,LAW Suit,2,Steal 3 MC from a player that REMOVED YOUR RESOURCES OR DECREASED YOUR PRODUCTION this generation. Place this card face down in THAT PLAYER'S EVENT PILE. -1 VP.,"[""event"", ""earth""]",[]
#X07,Mercurian Alloys,3,Effect: Your titanium resources are worth 1 MC extra. Requires 2 Science tags.,"[""space""]",[]
#X08,Orbital Cleanup,14,Action: Gain 1 MC per Science tag you have. Decrease your MC production 2 steps. 2 VP.,"[""space"", ""earth""]",[]
#X09,Political Alliance,4,Requires that you have 2 Party Leaders. Gain 1 TR.,"[""event""]",[]
#X10,Rego Plastics,10,Effect: Your steel resources are worth 1 MC extra. 1 VP.,"[""building""]",[]
#X11,Saturn Surfing,13,"Action: Spend 1 floater from here to gain 1 MC for each floater here, INCLUDING THE PAID FLOATER max 5. Add 1 floater here for every Earth tag you have, including this. 1 VP.","[""earth"", ""jovian""]",[]
#X12,Stanford Torus,12,"Place a city tile IN SPACE, outside and separate from the planet. 2 VP.","[""space"", ""city""]",[]
#X13,Advertising,4,"Effect: When you play a card with basic cost of 20MC or more, increase your MC production 1 step.","[""earth""]",[]
#X14,Asteroid Deflection System,13,"Action: REVEAL AND DISCARD the top card of the deck. If it has a space tag, add an asteroid here. Decrease your energy production 1 step. 1VP per asteroid on this card. 1/ VP. Opponents may not remove your plants.","[""building"", ""space"", ""earth""]",[]
#X15,Asteroid Hollowing,16,Action: Spend 1 titanium to add 1 asteroid resource here and increase MC production 1 step. 1VP for each 2 asteroids on this card.,"[""space""]",[]
#X16,Comet Aiming,17,Action: Spend 1 titanium to add 1 asteroid resource to ANY CARD or remove 1 asteroid here to place an ocean.,"[""space""]",[]
#X17,Crash Site Cleanup,4,REQUIRES THAT A PLAYER REMOVED ANOTHER PLAYER'S PLANTS THIS GENERATION. Gain 1 titanium or 2 steel. 1 VP.,"[""event""]",[]
#X18,Cutting Edge Technology,12,"Effect: When playing a card with a requirement, pay 2MC less. 1 VP.","[""science""]",[]
#X19,Directed Impactors,8,"Action: Spend 6 MC to add 1 asteroid to ANY CARD titanium may be used to pay for this, or remove 1 asteroid here to raise temperature 1 step.","[""space""]",[]
#X20,Diversity Support,1,Requires that you have 9 different types of resources. Gain 1 TR.,"[""event""]",[]
#X21,Field-capped City,29,"Increase your MC production 2 steps, increase your energy production 1 step, gain 3 plants, and place a city tile.","[""building"", ""city"", ""power""]",[]
#X22,Imported Nutrients,14,Gain 4 plants and add 4 microbes to ANOTHER CARD.,"[""event"", ""space"", ""earth""]",[]
#X23,Jovian Embassy,14,Raise your TR 1 step. 1 VP.,"[""building"", ""jovian""]",[]
#X24,Magnetic Shield,24,Requires 3 power tags. Raise your TR 4 steps.,"[""space""]",[]
#X25,Meat Industries,5,"Effect: When you gain an animal to ANY CARD, gain 2MC.","[""building""]",[]
#X26,Meltworks,4,Action: Spend 5 heat to gain 3 steel.,"[""building""]",[]
#X27,Mohole Lake,31,"Action: Add a microbe or animal to ANOTHER card. Effect: Gain 3 plant. Raise temperature 1 step, and place 1 ocean tile.","[""building""]",[]
#X28,Potatoes,2,Lose 2 plants. Increase your MC production 2 steps.,"[""plant""]",[]
#X29,Sub-crust Measurements,20,Action: Draw a card. Requires 2 science tags. 2 VP.,"[""building"", ""science"", ""earth""]",[]
#X30,Topsoil Contract,8,"Effect: When you gain a microbe to ANY CARD, also gain 1MC. Gain 3 plants.","[""microbe"", ""earth""]",[]
#X31,Deimos Down,31,Raise temperature 3 steps and gain 4 steel. Place this tile ADJACENT TO no other city tile. Remove up to 6 Plants from any player.,"[""event"", ""space""]",[]
#X32,Great Dam,15,Requires 4 ocean tiles. Increase your Energy production 2 steps. Place this tile ADJECENT TO an ocean tile. 1 VP.,"[""building"", ""power""]","[""Hydro Dam"", ""Big Dam""]"
#X33,Magnetic Field Generators,22,Decrease your Energy production 4 steps and increase your Plant production 2 steps. Raise your TR 3 steps. Place this tile.,"[""building""]",[]
#X34,Asteroid Rights,10,"Action: Spend 1 MC to add 1 asteroid to ANY card, OR spend 1 asteroid here to raise your MC production 1 step or gain 2 titanium. Gain 2 asteroids to this card.","[""space"", ""earth""]",[]
#X35,Bactoviral Research,10,"Draw 1 card. Choose 1 of your played cards and add 1 microbe to it for each science tag you have, including this.","[""science"", ""microbe""]",[]
#X36,BIO Printing Facility,7,Action: Spend 2 energy to gain 2 plants OR to add 1 animal to ANOTHER card.,"[""building""]",[]
#X37,Harvest,4,Requires that you have 3 greenery tiles in play. Gain 12MC.,"[""event"", ""plant""]",[]
#X38,Outdoor Sports,8,Requires any city adjacent to ocean.Increase your MC production 2 steps. 1 VP.,[],[]
#X44,16 Psych,31,Increase titanium production 2 steps. Gain 3 titanium. 2 VP.,"[""space""]",[]
#X45,Robot Pollinators,9,Requires 4% oxygen. Increase your plant production 1 step. Gain 1 plant for each plant tag you have.,"[""microbe""]",[]
#X46,Supercapacitors,4,Increase MC production 1 step. Effect: Converting energy to heat during production is optional for each energy resource.,"[""building"", ""power""]",[]
#X47,ICY Impactors,15,"Action: Spend 10 MC titanium may be used to add 2 asteroids here, or spend 1 asteroid here to place an ocean tile. FIRST PLAYER CHOOSES WHERE YOU MUST PLACE IT.","[""space""]",[]
#X48,Directed Heat Usage,1,Action: Spend 3 heat to either gain 4 MC or 2 plants.,[],[]
#X50,Aqueduct Systems,9,Requires that you have a city next to an ocean. Reveal cards from the deck until you have revealed 3 building-tag cards. Take those into hand and discard the rest. 1 VP.,"[""building""]",[]
#X51,Astra Mechanica,7,Return 2 of your played events to your hand. It may not be cards that place special tiles.,"[""science""]",[]
#X52,Carbon Nanosystems,14,"Effect: When you play a science tag, including this, add a graphene resource here. Effect: When paying for a space or city tag, graphenes may be used as 4 MC each. 1 VP.","[""building"", ""science""]",[]
#X53,Cyberia Systems,17,Increase steel production 1 step. Copy the production boxes of 2 of your other cards with building tags.,[],[]
#X56,Hermetic Order OF Mars,10,Oxygen must be 4% or less. Increase your MC production 2 steps. Gain 1 MC per empty area adjacent to your tiles.,[],[]
#X57,Homeostasis Bureau,16,"Effect: When you raise temperature, gain 3 MC. Increase your heat production 2 steps.","[""building""]",[]
#X58,Kaguya Tech,10,"Increase MC production 2 steps. Draw 1 card. Remove 1 of your greenery tiles does not affect oxygen. Place a city tile there, regardless of other restrictions. Gain placement bonuses as usual.",[],[]
#X60,Mars Nomads,13,"Action: Move the Nomads to an adjacent non-reserved, empty area and gain THE PLACEMENT BONUS as if placing a special tile there. No tiles may be placed on the Nomad area. PLACE THE NOMADS a gold cube on a non-reserved, empty area on the game board.",[],[]
#X61,Neptunian Power Consultants,14,"Effect: When any ocean is placed, you MAY pay 5 M steel may be used to raise energy production 1 step and add 1 hydroelectric resource to this card. 1 VP per hydroelectric resource on this card.","[""power""]",[]
#X62,Martian Lumber Corps,6,"Effect: When paying for a building card, plants may be used as 3 MC each. Requires that you have 2 greenery tiles. Increase plant production 1 step.","[""plant"", ""building""]",[]
#X63,RED Ships,2,"Action: Gain 1 M for each CITY AND SPECIAL TILE ADJACENT TO OCEAN, regardless of owner. Requires 4% oxygen or more.",[],[]
#X64,Solar Logistics,20,"Effect: When you play an Earth tag, you pay 2 M less. Effect: When any player plays a space event, you may draw a card. Gain 2 titanium. 1 VP.","[""space"", ""earth""]",[]
#X65,Teslaract,14,Action: Spend energy production to increase plant production by the same amount. Raise your TR 1 step.,"[""building"", ""power""]",[]
#X65,ST. Joseph OF Cupertino Mission,7,Action: Pay 5 M steel may be used to place a cathedral silver cube on a city tile. Max 1 per city. THE CITY OWNER MAY PAY 2 M TO DRAW 1 CARD. 1 VP per cathedral in play.,[],[]
,Credicor,N/A,"57 You start with 57 MC. Effect: After you pay for a card or standard project with a basic cost of 20MC or more, you gain 4MC.",[],[]
,Ecoline,N/A,"You start with 2 plant production, 3 plants, and 36MC Effect: You may always pay 7 plants, instead of 8, to place greenery.","[""plant""]",[]
,Helion,N/A,You start with 3 heat production and 42 MC. Effect: Your may use heat as MC. You may not use MC as heat.,"[""space""]",[]
,Mining Guild,N/A,"You start with 30 MC, 5 steel, and 1 steel production Effect: Each time you get any steel or titanium as a placement bonus on the map, increase your steel production 1 step.","[""building"", ""building""]",[]
,Interplanetary,N/A,"You start with 20 steel and 30 MC. Effect: Each time you play an event, you gain 2 MC.","[""building""]",[]
,X Inventrix,N/A,"45 As your first action in the game, draw 3 cards. Start with 45MC. Effect: Your temperature, oxygen and ocean requirements are +2 or -2 steps, your choice in each case.","[""science""]",[]
,Phobolog,N/A,You start with 10 titanium and 23 MC. Effect: Your titanium resources are each worth 1 MC extra.,"[""space""]",[]
,Tharsis Republic,N/A,"40 You start with 40 MC. As your first action in the game, place a city tile. Effect: When any city tile is placed ON MARS, increase your MC production 1 step. When you place a city tile, gain 3 MC.","[""building""]",[]
,Thorgate,N/A,"You start with 1 energy production and 48 MC. Effect: When playing a power card OR THE STANDARD PROJECT POWER PLANT, you pay 3 MC less for it.","[""power""]",[]
,United Nations Mars Initiative,N/A,"40 You start with 40 MC. Effect: Action:If your Terraform Rating was raised this generation, you may pay 3 MC to raise it 1 step more.","[""earth""]",[]
,Teractor,N/A,"60 You start with 60 MC. Effect: When playing an Earth card, you pay 3 MC less for it.","[""earth""]",[]
,Saturn Systems,N/A,"You start with 1 titanium production and 42 MC. Effect: Each time any Jovian tag is put into play, including this, increase your MC production 1 step.","[""jovian""]",[]
,Aphrodite,N/A,"You start with 1 plant production and 47 MC Effect: Whenever Venus is terraformed 1 step, you gain 2MC.","[""plant"", ""venus""]",[]
,Celestic,N/A,"You start with 42 MC. As your first action, reveal cards from the deck until you have revealed 2 cards with a floater icon on it. Take those 2 cards into hand and discard the rest. Effect: Action: Add a floater to ANY card.","[""venus""]",[]
,Manutech,N/A,"You start with 1 steel production, and 35 MC Effect: For each step you increase the production of a resource, including this, you also gain that resource.","[""building""]",[]
,Morning Star Inc.,N/A,"You start with 50 MC. As your first action, reveal cards from the deck until you have revealed 3 Venus-tag cards. Take those into hand and discard the rest. Effect: Your Venus requirements are +/- 2 steps, your choice in each case.","[""venus""]",[]
,Viron,N/A,You start with 48 MC. Effect: Action: Use a blue card action that has already been used this generation.,"[""microbe""]",[]
,Cheung Shing () Mars,N/A,"You start with 3 MC production and 44 MC. Effect: When you play a building tag, you pay 2 MC less for it.","[""building""]",[]
,Point Luna,N/A,"You start with 1 titanium production and 38 MC. Effect: When you play an Earth tag, including this, draw a card.","[""space"", ""earth""]",[]
,Robinson,N/A,You start with 47 MC. Effect: Action: Spend 4 MC to increase one of your LOWEST PRODUCTION 1 step.,[],[]
,Valley Trust,N/A,"You start with 37 MC. As your first action, draw 3 Prelude cards, and play one of them. Discard the other two. Effect: When you play an Science tag, you pay 2MC less for it.","[""earth""]",[]
,Vitor,N/A,"You start with 45 MC. As your first action, fund an award for free. Effect: When you play a card with a NON-NEGATIVE VP icon, including this, gain 3MC.","[""earth""]",[]
,Aridor,N/A,"You start with 40MC. As your first action add a colony tile. Effect: When you get a new type of tag in play event cards do not count, increase your MC production 1 step.",[],[]
,Arklight,N/A,"You start with 45 MC. Increase your MC production 2 steps. 1 VP per 2 animals on this card. Effect: When you play an animal or plant tag, including this, add 1 animal to this card.","[""animal""]",[]
,Polyphemos,N/A,"You start with 50MC. Increase your MC production 5 steps. Gain 5 titanium. Effect: When you buy a card to hand, pay 5MC instead of 3, including the starting hand.",[],[]
,Poseidon,N/A,"You start with 45MC. As your first action, place a colony. Effect: When any colony is placed, including this, raise your MC production 1 step.",[],[]
,Storm,N/A,You start with 48 MC. Effect: Action: Add a floater to ANY card. Effect: Floaters on this card may be used as 2 heat each.,"[""jovian""]",[]
,Lakefront Resorts,N/A,"You start with 54 MC. Effect: When any ocean tile is placed, increase your MC production 1 step. Your bonus for placing adjacent to oceans is 3MC instead of 2MC.","[""building""]",[]
,Pristar,N/A,"You start with 53 MC. Decrease your TR 2 steps. 1 VP per preservation resource here. Effect: During production phase, if you did not get TR so far this generation, add one preservation resource here and gain 6MC.",[],[]
,Septem Tribus,N/A,"You start with 36 MC. When you perform an action, the wild tag counts as any tag of your choice. Effect: Action: Gain 2MC for EACH PARTY WHERE YOU HAVE AT LEAST 1 DELEGATE.","[""wild""]",[]
,Terralabs,N/A,You start with 14 MC. Lower your TR 1 step. Effect: Buying cards to hand costs 1MC.,"[""earth"", ""science""]",[]
,Utopia Invest,N/A,You start with 40 MC. Increase your steel and titanium production 1 step each. Effect: Action: Decrease any production to gain 4 resources of that kind.,"[""building""]",[]
,Factorum,N/A,"You start with 37 MC. Increase your steel production 1 step. Effect: Action: Increase your energy production 1 step IF YOU HAVE NO ENERGY RESOURCES, or spend 3MC to draw a building card.","[""building"", ""power""]",[]
, Mons Insurance,N/A,"You start with 48 MC. Increase your MC production 4 steps. ALL OPPONENTS DECREASE THEIR MC PRODUCTION 2 STEPS. THIS DOES NOT TRIGGER THE EFFECT BELOW. Effect: When a player causes another player to decrease production or lose resources, pay 3MC to the victim, or as much as possible.",[],[]
,Philares,N/A,"You start with 47 MC. As your first action, place a greenery tile and raise the oxygen 1 step. Effect: Each new adjacency between your tile and an opponent's tile gives you a standard resource of your choice regardless of who just placed a tile.","[""building""]",[]
,Arcadian Communities,N/A,"You start with 40 MC and 10 steel. AS YOUR FIRST ACTION, PLACE A COMMUNITY PLAYER MARKER ON A NON-RESERVED AREA.",[],[]
,Recyclon,N/A,"You start with 38 MC and 1 steel production. Effect: When you play a building tag, including this, gain 1 microbe to this card, or remove 2 microbes here and raise your plant production 1 step.","[""building"", ""microbe""]",[]
,Splice Tactical Genomics,N/A,"You start with 44 MC. As your first action, reveal cards until you have revealed a microbe tag. Take that card into hand, and discard the rest. Effect: when a microbe tag is played, incl. this, THAT PLAYER gains 2 MC, or adds a microbe to THAT card, and you gain 2 MC.","[""microbe""]",[]
,Astrodrill,N/A,"You start with 35MC, and 3 asteroid resources here. Effect: Action: Either add 1 asteroid to ANY CARD or gain any standard resource OR remove 1 asteroid here to gain 3 titanium.","[""space""]",[]
,Pharmacy Union,N/A,"You start with 54MC. Draw a science card. Effect: When ANY microbe is played, including these, add a disease here and lose 4MC or as much as possible. When you play a science tag, remove 1 disease.","[""microbe"", ""microbe""]",[]
,Ecotec,N/A,"You start with 42MC and 1 plant production. Effect: When playing a bio tag, including these 2, gain 1 plant or add 1 microbe to any card.","[""plant"", ""microbe""]",[]
,Tycho,N/A,You start with 42MC. Increase your energy production 1 step. Effect: Action: Spend any number of energy to draw that many cards. Keep 1 and discard the rest.,"[""science"", ""power""]",[]
,Kuiper,N/A,"You start with 33MC. Increase your titanium production 1 step. Effect: Action: Add 1 asteroid here for every space tag you have. Effect: When paying for the ASTEROID or AQUIFER standard projects, each asteroid here maybe used as 1MC.","[""space"", ""space""]",[]
,Spire,N/A,"You start with 50MC. As your first action draw 4 cards, then discard 3 cards from hand. Effect: When you play a card with AT LEAST 2 tags, including this, add 1 science resource here. When you pay for standard project, science resources here maybe be used as 2MC each.","[""earth"", ""city""]",[]
,Sagitta,N/A,"You start with 31MC. Increase your energy production 1 step and your MC production 2 steps. Draw a card that has no tags. Effect: When you play a card with no tags, including this, gain 4MC. When you play a card with EXACTLY 1 TAG, you gain 1MC.",[],[]
,Palladin Shipping,N/A,"You start with 36MC. Gain 5 titanium. Effect: When you play a space event, gain 1 titanium. Action: Spend 2 titanium to raise temperature 1 step.","[""space""]",[]
,Nirgal Enterprises,N/A,"You start with 30mc. Increase your energy, plant and steel production by 1. Awards and milestones always cost 0mc for you.","[""building"", ""plant"", ""power""]",[]
#P01,Allied Banks,N/A,Prelude. Increase your MC production 4 steps. Gain 3 MC.,"[""earth""]",[]
#P02,Aquifer Turbines,N/A,Prelude. Place an Ocean. Increase your energy production 2 steps. Pay 3 MC.,"[""power""]",[]
#P03,Biofuels,N/A,Prelude. Increase your energy and plant production 1 step. Gain 2 plants.,"[""microbe""]",[]
#P04,Biolab,N/A,Prelude. Increase your plant production 1 step. Draw 3 cards.,"[""science""]",[]
#P05,Biosphere Support,N/A,Prelude. Increase your plant production 2 steps. Decrease your MC production 1 step.,"[""plant""]",[]
#P06,Business Empire,N/A,Prelude. Increase your MC production 6 steps. Pay 6 MC.,"[""earth""]",[]
#P07,Dome Farming,N/A,Prelude. Increase your MC production 2 steps and plant production 1 step.,"[""plant"", ""building""]",[]
#P08,Donation,N/A,Prelude. Gain 21 MC.,[],[]
#P09,Early Settlement,N/A,Prelude. Increase your plant production 1 step. Place a city tile.,"[""building"", ""city""]",[]
#P10,Ecology Experts,N/A,"Prelude. Increase your plant production 1 step. Play a card from hand, ignoring global requirements.","[""microbe"", ""plant""]",[]
#P11,Excentric Sponsor,N/A,Prelude. Play 1 card from hand with a 25 MC reduction.,[],[]
#P12,Experimental Forest,N/A,Prelude. Place 1 Greenery tile. Reveal cards until you reveal two cards with plant tags on them. Take them into your hand and discard the rest.,"[""plant""]",[]
#P13,Galilean Mining,N/A,Prelude. Increase your titanium production 2 steps. Pay 5 MC.,"[""jovian""]",[]
#P14,Great Aquifer,N/A,Prelude. Place 2 Ocean tiles.,[],[]
#P15,Huge Asteroid,N/A,Prelude. Increase Temperature 3 steps. Pay 5 MC.,[],[]
#P16,IO Research Outpost,N/A,Prelude. Increase your titanium production 1 step. Draw a card.,"[""jovian"", ""science""]",[]
#P17,Loan,N/A,Prelude. Gain 30 MC. Decrease your MC production 2 steps.,[],[]
#P18,Martian Industries,N/A,Prelude. Increase your energy and steel production 1 step. Gain 6 MC.,"[""building""]",[]
#P19,Metal-rich Asteroid,N/A,Prelude. Increase temperature 1 step. Gain 4 titanium and 4 steel.,[],[]
#P20,Metals Company,N/A,"Prelude. Increase your MC, steel and titanium production 1 step.",[],[]
#P21,Mining Operations,N/A,Prelude. Increase your steel production 2 steps. Gain 4 steel.,"[""building""]",[]
#P22,Mohole,N/A,Prelude. Increase your heat production 3 steps. Gain 3 heat.,"[""building""]",[]
#P23,Mohole Excavation,N/A,Prelude. Increase your steel production 1 step and heat production 2 steps. Gain 2 heat.,"[""building""]",[]
#P24,Nitrogen Shipment,N/A,Prelude. Increase your plant production 1 step. Increase your TR 1 step. Gain 5 MC.,[],[]
#P25,Orbital Construction Yard,N/A,Prelude. Increase your titanium production 1 step. Gain 4 titanium.,"[""space""]",[]
#P26,Polar Industries,N/A,Prelude. Increase your heat production 2 steps. Place an Ocean tile.,"[""building""]",[]
#P27,Power Generation,N/A,Prelude. Increase your energy production 3 steps.,"[""power""]",[]
#P28,Research Network,N/A,Prelude. Increase your money production 1 step. Draw 3 cards.,"[""wild""]",[]
#P29,Self-sufficient Settlement,N/A,Prelude. Increase your money production 2 step. Place a City tile.,"[""building"", ""city""]",[]
#P30,Smelting Plant,N/A,Prelude. Raise oxygen 2 steps. Gain 5 steel.,"[""building""]",[]
#P31,Society Support,N/A,"Prelude. Increase your plant, energy and heat production 1 step. Decrease money production 1 step.",[],[]
#P32,Supplier,N/A,Prelude. Increase your energy production 2 steps. Gain 4 steel.,"[""power""]",[]
#P33,Supply Drop,N/A,"Prelude. Gain 3 titanium, 8 steel and 3 plants.",[],[]
#P34,Unmi Contractor,N/A,Prelude. Increase your TR 3 steps. Draw a card.,"[""earth""]",[]
#P35,Acquired Space Agency,N/A,"Prelude. Gain 6 titanium. Reveal cards until you reveal two cards with Space Tags. Take them into your hand, discard the rest.",[],[]
#X41,Merger,N/A,Prelude. Draw 4 corporation cards. Play one of them and discard the other 3. Then pay 42 MC.,[],[]
#X42,NEW Partner,N/A,"Prelude. Raise your MC production 1 step. Immediately draw 2 prelude cards. Play 1 of them, and discard the other.",[],[]
#X43,Head Start,N/A,Prelude. Gain 2 steel. Gain 2Mc per project card you have in hand. Immediately take two actions.,[],[]
,Europa,N/A,"Colony. Colony bonus: 1 mc. Placement bonus: Place an ocean. Gain 1 mc prod on trades 1,2. Gain 1 energy prod on trades 3,4. Gain 1 plant prod on trades 5,6,7.",[],[]
,Triton,N/A,"Colony. Colony bonus: 1 titanium. Placement bonus: Gain 3 titanium. Trade income: 0, 1, 1, 2, 3, 4, 5 titanium.",[],[]
,Callisto,N/A,"Colony. Colony bonus: 3 energy. Placement bonus: Gain 1 energy production. Trade income: 0, 2, 3, 5, 7, 10, 13 energy.",[],[]
,Ceres,N/A,"Colony. Colony bonus: 2 steel. Placement bonus: Gain 1 steel production. Trade income: 1, 2, 3, 4, 6, 8, 10 steel.",[],[]
,Enceladus,N/A,"Colony. Colony bonus: 1 microbe. Placement bonus: Add 3 microbes to another card. Trade income: 0, 1, 2, 3, 4, 4, 5 microbes.",[],[]
,Titan,N/A,"Colony. Colony bonus: 1 floater. Placement bonus: Add 3 floaters to another card. Trade income: 0, 1, 1, 2, 3, 3, 4 floaters.",[],[]
,Miranda,N/A,"Colony. Colony bonus: 1 card. Placement bonus: Add 1 animal to another card. Trade income: 0, 1, 1, 2, 2, 3, 3 animals.",[],[]
,Ganymede,N/A,"Colony. Colony bonus: 1 plant. Placement bonus: Gain 1 plant production. Trade income: 0, 1, 2, 3, 4, 5, 6 plants.",[],[]
,Luna,N/A,"Colony. Colony bonus: 2 mc. Placement bonus: Gain 2 mc production. Trade income: 1, 2, 4, 7, 10, 13, 17 mc.",[],[]
,IO,N/A,"Colony. Colony bonus: 2 heat. Placement bonus: Gain 1 heat production. Trade income: 2, 3, 4, 6, 8, 10, 13 heat.",[],[]
,Pluto,N/A,"Colony. Colony bonus: Draw 1 card, then discard 1 card. Placement bonus: 2 cards. Trade income: 0, 1, 2, 2, 3, 3, 4 cards.",[],[]
,Improved Energy Template,N/A,Increase energy production 1 step per 2 power tags (no limit). Influence counts as power tags.,[],[]
,Scientific Communities,N/A,Gain 1 MC for each card in hand (no limit) and influence.,[],[]
,ECO Sabotage,N/A,Lose all plants except 3 + influence.,[],[]
,Productivity,N/A,Gain 1 steel for each steel production (max 5) and influence.,[],[]
,RED Influence,N/A,Lose 3 MC for each set of 5TR over 10 (max 5 sets.). Increase MC production 1 step per influence.,[],[]
,Generous Funding,N/A,Gain 2 MC for each influence and each complete set of 5 TR over 15 (max 5 sets).,[],[]
,Miners ON Strike,N/A,"Lose 1 titanium for each Jovian tag (max 5, then reduced by influence).",[],[]
,Asteroid Mining,N/A,Gain 1 titanium for each Jovian tag (max 5) and influence).,[],"[""AM"", ""Space Miner""]"
,Strong Society,N/A,Gain 2 MC for each city tile (max 5) and influence.,[],[]
,Diversity,N/A,Gain 10 MC if you have 9 or more different tags. Influence counts as unique tags.,[],[]
,Interplanetary Trade,N/A,Gain 2 MC for each space tag (max 5) and influence.,[],[]
,Sabotage,N/A,Decrease steel and energy production 1 step each. Gain 1 steel per influence.,[],[]
,Snow Cover,N/A,Decrease temperature 2 steps. Draw 1 card per influence.,[],[]
,MUD Slides,N/A,"Lose 4 MC for each tile adjacent to ocean (max 5, then reduced by influence).",[],[]
,DRY Deserts,N/A,First player removes 1 ocean tile from the gameboard. Gain 1 standard resource per influence.,[],[]
,Homeworld Support,N/A,Gain 2 MC for each Earth tag (max 5) and influence.,[],[]
,Solar Flare,N/A,"Lose 3 MC for each Space tag (max 5, then reduced by influence).",[],[]
,Spin-off Products,N/A,Gain 2 MC for each Science tag (max 5) and influence.,[],[]
,WAR ON Earth,N/A,Reduce TR 4 steps. Eech influence prevents 1 step.,[],[]
,Global Dust Storm,N/A,"Lose all heat. Lose 2 MC for each building tag (max 5, then reduced by influence).",[],[]
,Sponsored Projects,N/A,All cards with resources on them gain 1 resource. Draw 1 card for each influence.,[],[]
,Pandemic,N/A,"Lose 3 MC for each building tag (max 5, then reduced by influence).",[],[]
,Successful Organisms,N/A,Gain 1 plant for each plant production (max 5) and influence.,[],[]
,Paradigm Breakdown,N/A,Discard 2 cards from hand. Gain 2 MC per influence.,[],[]
,Revolution,N/A,"Count Earth tags and ADD influence. The player(s) with most (at least 1) loses 2 TR, and 2nd most (at least 1) loses 1 TR. SOLO: Lose 2 TR if the sum is 4 or more.",[],[]
,Solarnet Shutdown,N/A,"Lose 3 MC for each blue card (max 5, then reduced by influence).",[],[]
,Volcanic Eruptions,N/A,Increase temperature 2 steps. Increase heat production 1 step per influence.,[],[]
,Celebrity Leaders,N/A,Gain 2 MC for each event played (max 5) and influence.,[],[]
,Riots,N/A,"Lose 4 MC for each city tile (max 5, then reduced by influence).",[],[]
,Aquifer Released BY Public Council,N/A,First player places an ocean tile. Gain 1 plant and 1 steel per influence.,[],[]
,Election,N/A,"Count your influence plus building tags and city tiles (no limits). The player with most (or 10 in solo) gains 2 TR, the 2nd (or counting 5 in solo) gains 1 TR.) (ties are friendly.",[],[]
,Venus Infrastructure,N/A,Gain 2 MC per Venus Tag (max 5) and influence.,[],[]
,Jovian TAX Rights,N/A,Increase MC production 1 step for each colony. Gain 1 titanium for each influence.,[],[]
,Microgravity Health Problems,N/A,"Lose 3 MC for each colony (max 5), then reduced by influence.",[],[]
,Cloud Societies,N/A,Add a floater to each card that can collect floaters. Add 1 floater for each influence to a card.,[],[]
,Corrosive Rain,N/A,"Lose 2 floaters from a card, or lose 10MC. Draw 1 card for each influence.",[],[]
,Corporate Archives,N/A,Prelude. Gain 13 mc. Look at the top 7 cards from the deck. Take 2 of them into hand discarding the other 5.,[],[]
,Double Down,N/A,Prelude. Copy your other prelude's direct effect.,[],[]

